Company,Role,Location,Application Link,Date Posted
DIRECTV,IT Software Engineer 1,Remote in USA,https://directv.wd1.myworkdayjobs.com/careers/job/El-Segundo-CA/IT-Software-Engineer-1_R250209?utm_source=Simplify&ref=Simplify,0d
Peraton,"Software Engineering, Associate 🇺🇸","Herndon, VA",https://careers-peraton.icims.com/jobs/158789/software-engineering%2c-associate/job?utm_source=Simplify&ref=Simplify,0d
Moog,Associate Software Engineer 🇺🇸,"locations Torrance, CA",https://moog.wd5.myworkdayjobs.com/en-US/moog_external_career_site/job/Torrance-CA/Eng--Assc_R-25-13250?utm_source=Simplify&ref=Simplify,0d
DIRECTV,IT Software Engineer 1,"locations El Segundo, CARemote in USA",https://directv.wd1.myworkdayjobs.com/en-US/careers/job/El-Segundo-CA/IT-Software-Engineer-1_R250209?utm_source=Simplify&ref=Simplify,0d
BMO,Software Engineer,"Chicago, IL",https://bmo.wd3.myworkdayjobs.com/en-US/External/job/Chicago-IL-USA/Software-Engineer--New-or-Recent-Graduate-_R250019232?utm_source=Simplify&ref=Simplify,0d
SS&C,Junior AI-Assisted Software Engineer,"South Orange, NJ",https://wd1.myworkdaysite.com/recruiting/ssctech/SSCTechnologies/job/Union-NJ/Junior-AI-Assisted-Software-Engineer_R36039?utm_source=Simplify&ref=Simplify,1d
Global Relay,Junior Software Developer Engineer in Test - C#,"Vancouver, BC, Canada",https://www.globalrelay.com/careers/jobs?gh_jid=5616305004&utm_source=Simplify&ref=Simplify,1d
Databricks,Software Engineer – New Grad - Distributed Data Systems - 2025 Start,"Bellevue, WAMountain View, CA",https://boards.greenhouse.io/embed/job_app?token=6865704002&utm_source=Simplify&ref=Simplify,1d
↳,Software Engineer – New Grad - 2026 Start,"Mountain View, CA",https://boards.greenhouse.io/embed/job_app?token=6865698002&utm_source=Simplify&ref=Simplify,1d
Esri,Software Developer Engineer I,"West Redlands, Redlands, CA",https://www.esri.com/careers/4818461007?gh_jid=4818461007&utm_source=Simplify&ref=Simplify,1d
TikTok,Software Engineer Graduate Social - 2026 Start,"Los Angeles, CA",https://lifeattiktok.com/search/7532626482364909842?spread=5MWH5CQ&utm_source=Simplify&ref=Simplify,1d
TikTok.,Product Security Engineer - Security Assurance,"Seattle, WA",https://lifeattiktok.com/search/7533712518582503687?spread=5MWH5CQ&utm_source=Simplify&ref=Simplify,1d
TikTok,"SDET, Software Development Engineer in Test","San Jose, CA",https://lifeattiktok.com/search/7533739605041645832?spread=5MWH5CQ&utm_source=Simplify&ref=Simplify,1d
NVIDIA,"Research Scientist, Robotics Research","Seattle, WA",https://nvidia.wd5.myworkdayjobs.com/en-US/NVIDIAExternalCareerSite/job/US-WA-Seattle/Research-Scientist--Robotics-Research---New-College-Grad-2025_JR2001017?utm_source=Simplify&ref=Simplify,1d
Cook Systems,Software Developer 🛂,"Nashville, TN",https://job-boards.greenhouse.io/cooksys/jobs/4872299008?utm_source=Simplify&ref=Simplify,1d
Ping Identity,Software Engineer I,"Denver, CO",https://job-boards.greenhouse.io/pingidentity/jobs/8084784002?utm_source=Simplify&ref=Simplify,1d
Royal Carribean Group,"Associate Engineer, Software","Miramar, FL",https://jobs.royalcaribbeangroup.com/job/Miramar-Associate-Engineer%2C-Software-FL-33132/1314694500?utm_source=Simplify&ref=Simplify,1d
Radiance Technologies,Junior Full Stack Software Engineer 🇺🇸,"locations Beavercreek, OH",https://radiancetech.wd12.myworkdayjobs.com/en-US/radiance_external/job/Beavercreek-OH/Junior-Full-Stack-Software-Engineer_HR101733?utm_source=Simplify&ref=Simplify,1d
Oracle,Undergrad Software Engineer 🛂,"Seattle, WA",https://careers.oracle.com/en/sites/jobsearch/job/304100?utm_source=Simplify&ref=Simplify,1d
Maxar,Forward Deployed Software Engineer I,"Herndon, VA",https://maxar.wd1.myworkdayjobs.com/en-US/Maxar/job/Herndon-VA/Forward-Deployed-Software-Engineer-I_R22647-1?utm_source=Simplify&ref=Simplify,1d
Iowa State University,Software Developer I - AI Developer 🛂,"Remote, IA",http://isu.wd1.myworkdayjobs.com/en-US/IowaStateJobs/job/Remote---Iowa/Software-Developer-I---AI-Developer_R17481?utm_source=Simplify&ref=Simplify,1d
Boston Scientific,Software Engineer I - Engineering - Development,"Roseville, MN",https://bostonscientific.eightfold.ai/careers/job/563602803067424?utm_source=Simplify&ref=Simplify,2d
↳,Software Engineer I - Engineering - Development,"Roseville, MN",https://bostonscientific.eightfold.ai/careers/job/563602803047194?utm_source=Simplify&ref=Simplify,2d
i3,Entry Level Full-Stack Software Engineer,"Huntsville, AL",https://careers-i3-corps.icims.com/jobs/4833/job?utm_source=Simplify&ref=Simplify,2d
Roblox,Software Engineer – Early Career,"San Mateo, CA",https://careers.roblox.com/jobs/7114754?gh_jid=7114754&utm_source=Simplify&ref=Simplify,3d
The Travelers Companies,Software Engineer I - Aws,"Baltimore, MD",https://travelers.wd5.myworkdayjobs.com/External/job/MD---Baltimore/Software-Engineer-I---AWS_R-46038?utm_source=Simplify&ref=Simplify,3d
Five Rings,Software Developer,"New York, NY",https://job-boards.greenhouse.io/fiveringsllc/jobs/4816999008?utm_source=Simplify&ref=Simplify,3d
Reddit,Software Engineer - New Grad,"Chicago, ILSan Francisco, CALos Angeles, CA",https://app.ripplematch.com/v2/public/job/340fb9c1?utm_source=Simplify&ref=Simplify,3d
i3,Full-Stack Software Engineer 🇺🇸,"Hunstville, AL",https://careers-i3-corps.icims.com/jobs/4833/entry-level-full-stack-software-engineer/job?utm_source=Simplify&ref=Simplify,3d
The Boeing Company,Software Engineer – Entry Level or Associate,"Albuquerque, NM",https://boeing.wd1.myworkdayjobs.com/external_careers/job/USA---Kirtland-AFB-NM/Software-Engineer--Entry-Level-or-Associate-_JR2025466020-1?utm_source=Simplify&ref=Simplify,4d
Medtronic,Software Engineer I - CRM,"Blaine, MN",https://medtronic.wd1.myworkdayjobs.com/MedtronicCareers/job/Mounds-View-Minnesota-United-States-of-America/Software-Engineer-I---CRM_R38781-1?utm_source=Simplify&ref=Simplify,4d
Broadcom Limited,Entry level Mainframe Software Development Engineer,"Downers Grove, IL",https://broadcom.wd1.myworkdayjobs.com/External_Career/job/USA-IL-Lisle-Warrenville-Road/Entry-level-Mainframe-Software-Development-Engineer_R023490-1?utm_source=Simplify&ref=Simplify,4d
Bree,Software Engineer – New Graduate,"Toronto, ON, Canada",http://jobs.ashbyhq.com/bree/a337beb6-37a1-45f8-b650-602937a9adab/application?utm_source=Simplify&ref=Simplify,4d
BRM,Entry Level Software Engineer,SF,https://jobs.ashbyhq.com/brm.ai/05cad7f7-2194-480d-8e70-7338cfd2a189/application?utm_source=Simplify&ref=Simplify,4d
SimIS,Junior Software Developer - Modeling & Simulation 🇺🇸,"Suffolk, VA",https://simisinc.applytojob.com/apply/ViiE78Quow/Junior-Software-Developer-Modeling-Simulation?utm_source=Simplify&ref=Simplify,4d
Ramp,Software Engineer - Frontend,"New York, NY",https://jobs.ashbyhq.com/ramp/a1229aec-1105-4c47-8533-b912e732ed89?utm_source=Simplify&ref=Simplify,5d
RTX,Back End Processing Network Engineer I,"Bristol, RI",https://globalhr.wd5.myworkdayjobs.com/rec_rtx_ext_gateway/job/RI101-1847-W-Main-Rd-1847-W-Main-Road-Nimitz-Building-Portsmouth-RI-02871-USA/Back-End-Processing-Network-Engineer-I-Portsmouth-RI-Onsite_01784264?utm_source=Simplify&ref=Simplify,5d
ByteDance,Backend Software Engineer (Customer Service Platform) - 2026 Start (BS/MS),"Seattle, WA",https://jobs.bytedance.com/en/position/7527836662400026898/detail?utm_source=Simplify&ref=Simplify,5d
↳,3D Graphics Software Engineer (PICO Foundation) - 2026 Start (BS/MS),"San Jose, CA",https://jobs.bytedance.com/en/position/7532618536427391240/detail?utm_source=Simplify&ref=Simplify,5d
TikTok,"Software Engineer, Short Video - 2026 Start (BS/MS)","Los Angeles, CA",https://lifeattiktok.com/search/7532629935644002578?utm_source=Simplify&ref=Simplify,5d
↳,Software Engineer (Ads Measurement Signal Technology) - 2026 Start (BS/MS),"San Jose, CA",https://lifeattiktok.com/search/7531161909615593735?utm_source=Simplify&ref=Simplify,5d
↳,"Software Engineer, Short Video - 2026 Start (BS/MS)","Seattle, WA",https://lifeattiktok.com/search/7532626300897937682?utm_source=Simplify&ref=Simplify,5d
↳,"Software Engineer, Risk and Response - 2026 Start (BS/ MS)","Seattle, WA",https://lifeattiktok.com/search/7530759738491226386?utm_source=Simplify&ref=Simplify,5d
↳,"Research Scientist - CV/NLP/Multimodal LLM, Trust and Safety - 2026 Start (BS/MS)","Seattle, WA",https://lifeattiktok.com/search/7530771170938865928?utm_source=Simplify&ref=Simplify,5d
↳,"Software Engineer, Live-Foundation-Ecosystem - 2026 Start (BS/MS)","San Jose, Ca",https://lifeattiktok.com/search/7532631803707738376?utm_source=Simplify&ref=Simplify,5d
↳,"Software Engineer, Short Video - 2026 Start (BS/MS)","San Jose, CA",https://lifeattiktok.com/search/7532627069594224903?utm_source=Simplify&ref=Simplify,5d
↳,"Software Development, Engineer in Test (Trust and Safety) - 2026 Start (BS/MS)","San Jose, CA",https://lifeattiktok.com/search/7530765464767826184?utm_source=Simplify&ref=Simplify,5d
↳,Software Engineer (Monetization Technology - Ads Creative) - 2026 Start (BS/MS),"San Jose, CA",https://lifeattiktok.com/search/7532457296103295239?utm_source=Simplify&ref=Simplify,5d
↳,"Software Engineer, Music - 2026 Start (BS/MS)","San Jose, CA",https://lifeattiktok.com/search/7532627066714753288?utm_source=Simplify&ref=Simplify,5d
↳,"Backend Software Engineer, Trust and Safety - 2026 Start (BS/MS)","Seattle, WA",https://lifeattiktok.com/search/7530752375372466439?utm_source=Simplify&ref=Simplify,5d
↳,Product Manager (TikTok-Product-Social and Creation) - 2025 Start (BS/MS),"San Jose, CA",https://lifeattiktok.com/search/7400808756194461961?utm_source=Simplify&ref=Simplify,5d
Qualtrics,Software Engineer I - PAAS 🛂,"Seattle, WA",https://www.qualtrics.com/careers/us/en/job/QUALUS6922762EXTERNALENUS/Software-Engineer-I-PAAS?utm_source=Simplify&ref=Simplify,5d
MetroStar,Associate Software Developer 🛂,"Reston, VA",https://www.metrostar.com/job-post/?gh_jid=6667276003&utm_source=Simplify&ref=Simplify,5d
JPMorganChase,Software Engineer 🛂,"10 locationsWilmington, DEAustin, TXChicago, ILColumbus, OHHouston, TXJersey City, NJNew York, NYPalo Alto, CAPlano, TXTampa, FL",https://jpmc.fa.oraclecloud.com/hcmUI/CandidateExperience/en/sites/CX_1001/job/210649942?utm_source=Simplify&ref=Simplify,5d
↳,Software Engineer 🛂,"10 locationsAustin, TXChicago, ILColumbus, OHHouston, TXJersey City, NJNew York, NYPalo Alto, CAPlano, TXTampa, FLWilmington, DE",https://jpmc.fa.oraclecloud.com/hcmUI/CandidateExperience/en/sites/CX_1001/job/210649912?utm_source=Simplify&ref=Simplify,5d
Nuro,"Software Engineer, Autonomy","Mountain View, CA",https://www.nuro.ai/careersitem?gh_jid=6932596&utm_source=Simplify&ref=Simplify,5d
Zoro,Software Engineer I - Release Platform,"Chicago, IL",https://zoro.com/careers/jobs?gh_jid=4589860006&utm_source=Simplify&ref=Simplify,5d
Meta,Product Security Engineer (University Grad),"Bellevue, WAMenlo Park, CA",https://www.metacareers.com/jobs/609052015548260?utm_source=Simplify&ref=Simplify,5d
TikTok,New Grad 2026: Software Engineer/Mobile Engineer Graduate (Monetization Technology - Ads Core Demonstration),"San Jose, CA",https://lifeattiktok.com/search/7532436539684702471?utm_source=Simplify&ref=Simplify,7d
Sentry,Software Engineer – New Grad 🛂,"Toronto, ON, Canada",https://jobs.ashbyhq.com/sentry/143811c1-ec03-458b-9edf-32f002c818f0/application?utm_source=Simplify&ref=Simplify,8d
↳,Software Engineer – New Grad 🛂,SF,https://jobs.ashbyhq.com/sentry/96c8a4cc-23b9-4f3e-b360-38c1cc248491/application?utm_source=Simplify&ref=Simplify,8d
Terex,Software Engineer I - 3rd Eye,"Austin, TXChattanooga, TN",https://terex.wd1.myworkdayjobs.com/terexcareers/job/USA-TX-Austin/Software-Engineer-I--3rd-Eye_REQ-9369?utm_source=Simplify&ref=Simplify,8d
Palantir,Software Engineer – New Grad - Production Infrastructure,"London, UK",https://jobs.lever.co/palantir/3f4dd595-2f57-4b5f-a50a-8d3084641ef8/apply?utm_source=Simplify&ref=Simplify,8d
↳,Software Engineer – New Grad - Infrastructure,"London, UK",https://jobs.lever.co/palantir/9265acce-12cd-4179-8c50-55d15963532b/apply?utm_source=Simplify&ref=Simplify,8d
↳,Software Engineer – New Grad,"London, UK",https://jobs.lever.co/palantir/d372c805-d0cd-4a10-9522-fbecc78d6f3e/apply?utm_source=Simplify&ref=Simplify,8d
Esri,Software Development Engineer I 🇺🇸,"St. Louis, MO",https://www.esri.com/careers/4810344007?gh_jid=4810344007&utm_source=Simplify&ref=Simplify,8d
↳,Software Development Engineer I 🇺🇸,"St. Louis, MO",https://www.esri.com/careers/4810345007?gh_jid=4810345007&utm_source=Simplify&ref=Simplify,8d
The Travelers Companies,Software Engineer I - Guidewire,"Atlanta, GA",https://travelers.wd5.myworkdayjobs.com/External/job/GA---Atlanta/Software-Engineer-I--Guidewire-_R-42652?utm_source=Simplify&ref=Simplify,8d
↳,Software Engineer I - Aws - React - GenAI,"Hartford, CTSt Paul, MN",https://travelers.wd5.myworkdayjobs.com/External/job/CT---Hartford/Software-Engineer-I--AWS--React--GenAI-_R-44034?utm_source=Simplify&ref=Simplify,8d
↳,Software Engineer I - .Net / MERN / AWS,"Sparks, MDHartford, CTSt Paul, MN",https://travelers.wd5.myworkdayjobs.com/External/job/MN---St-Paul/Software-Engineer-I--Net---MERN---AWS-_R-43980?utm_source=Simplify&ref=Simplify,8d
↳,Software Engineer I - Java - Aws - Jsf,"St Paul, MN",https://travelers.wd5.myworkdayjobs.com/External/job/MN---St-Paul/Software-Engineer-I--Java--AWS--JSF-_R-45189?utm_source=Simplify&ref=Simplify,8d
Global Payments,Mainframe Software Engineer I or Above,"Columbus, GA",https://tsys.wd1.myworkdayjobs.com/TSYS/job/Columbus-Georgia-USA/Mainframe-Software-Engineer-I-or-Above_R0064692?utm_source=Simplify&ref=Simplify,9d
Aurora Innovation,Software Engineer I,"Pittsburgh, PA",https://aurora.tech/jobs/8081673002?gh_jid=8081673002&utm_source=Simplify&ref=Simplify,10d
Blue Origin,Software Development Engineer I 🇺🇸,"6 locationsSeattle, WAVan Horn, TXHuntsville, ALDenver, COSpace Coast, FLLos Angeles, CA",https://blueorigin.wd5.myworkdayjobs.com/en-US/BlueOrigin/job/Seattle-WA/Software-Development-Engineer-I---Early-Career-2025-University-Grad_R50741?utm_source=Simplify&ref=Simplify,10d
M&T Bank,Technology Development Program - Software Engineering 🛂,"Buffalo, NY",https://mtb.wd5.myworkdayjobs.com/en-US/Campus/job/XMLNAME-2026-Technology-Development-Program---Software-Engineering_R72033?utm_source=Simplify&ref=Simplify,10d
Unify,Software Engineer 🛂,"San Francisco, NY",https://jobs.ashbyhq.com/unify/762e3fd4-7813-4da8-bb02-cc6050e3626a?utm_source=Simplify&ref=Simplify,11d
↳,New Grad Software Engineer,SFNYC,https://jobs.ashbyhq.com/unify/762e3fd4-7813-4da8-bb02-cc6050e3626a/application?utm_source=Simplify&ref=Simplify,11d
Twitch,Software Development Engineer I - Frontend & Mobile,SF,https://job-boards.greenhouse.io/twitch/jobs/8093301002?utm_source=Simplify&ref=Simplify,12d
Perforce,Software Engineer I,"Belfast, UK",https://jobs.lever.co/perforce/44b37b45-6756-489d-bd3a-668ba2352f9b/apply?utm_source=Simplify&ref=Simplify,12d
Amentum,Entry Level Software Engineer/Software Tester,"Fredericksburg, VADahlgren, VA",https://pae.wd1.myworkdayjobs.com/en-US/amentum_careers/job/US-VA-Dahlgren/Entry-Level-Software-Engineer-Software-Tester_R0142800?utm_source=Simplify&ref=Simplify,15d
RTX,Cyber/Electronic Warfare Research Engineer I,"Columbia, MD",https://globalhr.wd5.myworkdayjobs.com/rec_rtx_ext_gateway/job/MD720-9861-Broken-Land-Pkwy-Columbia-9861-Broken-Land-Parkway-Suite-400-Columbia-MD-21046-USA/Cyber-Electronic-Warfare-Engineer_01782149?utm_source=Simplify&ref=Simplify,15d
Northslope Technologies,Forward Deployed Software Engineer – New Grad,"London, UKNYC",https://jobs.ashbyhq.com/northslope-technologies/7ccd126f-b127-4526-87f1-57408919c30a/application?utm_source=Simplify&ref=Simplify,17d
Broadcom Limited,Junior R & D Software Engineer,"Palo Alto, CA",https://broadcom.wd1.myworkdayjobs.com/External_Career/job/USA-CA---Promontory-E/Junior-R---D-Software-Engineer_R023410?utm_source=Simplify&ref=Simplify,17d
Coalition,Software Engineer I,Remote in Canada,https://www.coalitioninc.com/job-posting/4560712005?utm_source=Simplify&ref=Simplify,18d
↳,Software Engineer I,Remote in USA,https://www.coalitioninc.com/job-posting/4560711005?utm_source=Simplify&ref=Simplify,18d
Clarity Innovations,Junior Information System Security Engineer - Isse,"Reston, VAColumbia, MD",https://job-boards.greenhouse.io/clarityinnovates/jobs/4789602007?utm_source=Simplify&ref=Simplify,19d
mthree,Junior Software Engineer,"4 locationsSalt Lake City, UTHouston, TXDallas, TXNYC",https://job-boards.greenhouse.io/mthreerecruitingportal/jobs/4406180006?utm_source=Simplify&ref=Simplify,23d
↳,Mthree – Junior Software Developer,United Kingdom,https://job-boards.greenhouse.io/mthreerecruitingportal/jobs/4431281006?utm_source=Simplify&ref=Simplify,23d
↳,Mthree – Junior Software Engineer,"Sheffield, UKLiverpool, UK",https://job-boards.greenhouse.io/mthreerecruitingportal/jobs/4401897006?utm_source=Simplify&ref=Simplify,23d
↳,Junior Software Engineer,United States,https://job-boards.greenhouse.io/mthreerecruitingportal/jobs/4374347006?utm_source=Simplify&ref=Simplify,23d
↳,Développeur génie logiciel / Junior Software Developer,"Montreal, QC, Canada",https://job-boards.greenhouse.io/mthreerecruitingportal/jobs/4374767006?utm_source=Simplify&ref=Simplify,23d
CACI,Entry Level Software Engineer - Automated Testing,"Rochester, NY",https://caci.wd1.myworkdayjobs.com/External/job/US-NY-Rochester/Entry-Level-Software-Engineer--Automated-Testing-_314546-1?utm_source=Simplify&ref=Simplify,24d
PDI Technologies,Software Engineer I,"Temple, TX",https://jobs.lever.co/pditechnologies/e5ce2da7-b493-4557-996b-be3832c7fe0d/apply?utm_source=Simplify&ref=Simplify,24d
CACI,Entry Level Software Engineer - GUI Development,"Rochester, NY",https://caci.wd1.myworkdayjobs.com/External/job/US-NY-Rochester/Entry-Level-Software-Engineer--GUI-Development-_314487?utm_source=Simplify&ref=Simplify,25d
EvenUp,Software Engineer – New Graduate,"Toronto, ON, CanadaSF",https://jobs.ashbyhq.com/evenup/213e42cf-903d-4578-b3b5-df187780920d/application?utm_source=Simplify&ref=Simplify,26d
Old Mission,College Graduates - Full-Time - Junior Software Engineer,"Chicago, IL",https://www.oldmissioncapital.com/careers/?gh_jid=6602927003&utm_source=Simplify&ref=Simplify,26d
Citadel Securities,Software Engineer – University Graduate,"Miami, FLNYC",https://www.citadelsecurities.com/careers/details/software-engineer-university-graduate-us/?utm_source=Simplify&ref=Simplify,1mo
Shield AI,Software Engineer I - Hardware Test,"Dallas, TX",https://jobs.lever.co/shieldai/38178f1e-34c5-481d-9914-c18a2263776f/apply?utm_source=Simplify&ref=Simplify,1mo
Silvus Technologies,Software Engineer I - Sqa 🇺🇸,LA,https://job-boards.greenhouse.io/silvus/jobs/4772754008?utm_source=Simplify&ref=Simplify,1mo
Ranger,Forward-Deployed Test Engineer 🛂,"San Francisco, CA",https://jobs.lever.co/ranger/38ef5184-0c8a-4980-836f-95e23e83ae7d?utm_source=Simplify&ref=Simplify,1mo
Sigma Computing,Software Engineer – New Grad Program,SFNYC,https://job-boards.greenhouse.io/sigmacomputing/jobs/6640194003?utm_source=Simplify&ref=Simplify,1mo
Candid Health,Software Engineer New Grad,"SFNYCDenver, CO",https://jobs.ashbyhq.com/candidhealth/f0e529c1-b8d8-4add-aaef-23b174053b8b/application?utm_source=Simplify&ref=Simplify,1mo
↳,Forward Deployed Software Engineer New Grad,"SFNYCDenver, CO",https://jobs.ashbyhq.com/candidhealth/8d1922f8-e89d-433e-a21f-b724eabc003b/application?utm_source=Simplify&ref=Simplify,1mo
Palantir,Software Engineer – New Grad - Infrastructure,NYC,https://jobs.lever.co/palantir/4abf26b4-795c-420a-bf22-1ab98db268b4/apply?utm_source=Simplify&ref=Simplify,1mo
↳,Software Engineer – New Grad - Production Infrastructure,NYC,https://jobs.lever.co/palantir/e1a6c138-98bf-45e2-97f7-2c70371cc38a/apply?utm_source=Simplify&ref=Simplify,1mo
↳,Software Engineer – New Grad - Production Infrastructure,"Seattle, WA",https://jobs.lever.co/palantir/4d5a144e-87ea-45e2-a68c-3fad590629af/apply?utm_source=Simplify&ref=Simplify,1mo
↳,Software Engineer – New Grad - Defense,NYC,https://jobs.lever.co/palantir/0a838e66-1ab0-4fc4-b4d3-4671c0352278/apply?utm_source=Simplify&ref=Simplify,1mo
↳,Software Engineer – New Grad - Defense,"Washington, DC",https://jobs.lever.co/palantir/18d901fc-93bb-4d18-9f04-c72031e20d79/apply?utm_source=Simplify&ref=Simplify,1mo
↳,Software Engineer – New Grad - Defense,"Palo Alto, CA",https://jobs.lever.co/palantir/f362d7aa-360d-4059-ab38-f482742693b3/apply?utm_source=Simplify&ref=Simplify,1mo
↳,Software Engineer – New Grad,NYC,https://jobs.lever.co/palantir/94984771-0704-446c-88c6-91ce748f6d92/apply?utm_source=Simplify&ref=Simplify,1mo
↳,Software Engineer – New Grad,"Denver, CO",https://jobs.lever.co/palantir/c34b424e-caf2-455a-b104-ae1096ccca29/apply?utm_source=Simplify&ref=Simplify,1mo
↳,Forward Deployed Software Engineer – New Grad - US Government,NYC,https://jobs.lever.co/palantir/d1ac83d0-e923-42a5-8e6d-58dd0cab25ca/apply?utm_source=Simplify&ref=Simplify,1mo
↳,Forward Deployed Software Engineer – New Grad - US Government,"Washington, DC",https://jobs.lever.co/palantir/cbe90327-3e6e-451c-a54c-1d3cbcef5aeb/apply?utm_source=Simplify&ref=Simplify,1mo
OpenEye,Software Engineer I - Ows,"Liberty Lake, WA",https://job-boards.greenhouse.io/openeye/jobs/8028394002?utm_source=Simplify&ref=Simplify,1mo
Sentry,Software Engineer – New Grad,SF,https://jobs.ashbyhq.com/sentry/90fb5dd4-410d-4672-9f40-3f11ea01c75d/application?utm_source=Simplify&ref=Simplify,1mo
Collective Hub,Software Engineer – New Grad,SF,https://www.collective.com/careers/6614825003?gh_jid=6614825003&utm_source=Simplify&ref=Simplify,1mo
7shifts,Junior Software Developer,"Saskatoon, SK, Canada",https://job-boards.greenhouse.io/7shifts/jobs/5563827004?utm_source=Simplify&ref=Simplify,1mo
Tower Research Capital,Software Engineer – New Grad - C++,NYC,https://www.tower-research.com/open-positions/?gh_jid=6763894&utm_source=Simplify&ref=Simplify,1mo
Numeric,Software Engineer – Early Career,NYC,https://jobs.ashbyhq.com/numeric/75fb980e-623a-4b92-932b-4ff3ae6fc2e8/application?utm_source=Simplify&ref=Simplify,2mo
N1,Software Engineer (Backend Rust),New York City,https://jobs.ashbyhq.com/n1/99a78724-a7eb-4801-9e75-cf4465950567?utm_source=Simplify&ref=Simplify,2mo
↳,New Grad Software Engineer (Backend Rust),New York City,https://jobs.ashbyhq.com/n1/a3e25c84-0846-454a-b2fc-a356c2a713bd?utm_source=Simplify&ref=Simplify,2mo
↳,New Grad Software Engineer (Full Stack),New York City,https://jobs.ashbyhq.com/n1/73724fe2-9a93-4a60-b349-4fd3d2efa94a?utm_source=Simplify&ref=Simplify,2mo
Numeric,Software Engineer – Early Career,SFNYC,https://jobs.ashbyhq.com/numeric/f9c9e075-7799-414f-8601-f770c0cd9061/application?utm_source=Simplify&ref=Simplify,2mo
